DateTime,Entries,UniqueIPs
1440366812,63,6310530
1440629132,63,6310530
1442549389,63,6310530
1453128511,63,6310530
1453215511,63,6310530
1453302497,63,6310530
1453389300,63,6310530
1453476500,63,6310530
1453563570,63,6310530
1453650734,63,6310530
1453737871,63,6310530
1524110561,73,6310570
1527235281,73,6310570
1527235281,73,6310570
1527235281,73,6310570
1527235281,73,6310570
1527235281,73,6310570
1527235281,73,6310570
1527235281,73,6310570
1527235281,73,6310570
1527235281,73,6310570
1527235281,73,6310570
1527235281,73,6310570
1527235281,73,6310570
1527235281,73,6310570
1527235281,73,6310570
1527235281,73,6310570
1527235281,73,6310570
1527235281,73,6310570
1527235281,73,6310570
1527235281,73,6310570
1527235281,73,6310570
1527235281,73,6310570
1527321787,73,6310570
1527321787,73,6310570
1527321787,73,6310570
1527321787,73,6310570
1527321787,73,6310570
1527321787,73,6310570
1527321787,73,6310570
1527321787,73,6310570
1527321787,73,6310570
1527321787,73,6310570
1527321787,73,6310570
1527321787,73,6310570
1527321787,73,6310570
1527321787,73,6310570
1527321787,73,6310570
1527321787,73,6310570
1527321787,73,6310570
1527321787,73,6310570
1527321787,73,6310570
1527321787,73,6310570
1527321787,73,6310570
1527321787,73,6310570
1527321787,73,6310570
1527321787,73,6310570
1527321787,73,6310570
1527321787,73,6310570
1527321787,73,6310570
1527321787,73,6310570
1527321787,73,6310570
1527321787,73,6310570
1527321787,73,6310570
1527321787,73,6310570
1527321787,73,6310570
1527321787,73,6310570
1527321787,73,6310570
1527321787,73,6310570
1527321787,73,6310570
1527321787,73,6310570
1527321787,73,6310570
1527321787,73,6310570
1527321787,73,6310570
1527321787,73,6310570
1527321787,73,6310570
1527843305,73,6310570
1527843305,73,6310570
1527843305,73,6310570
1527843305,73,6310570
1527843305,73,6310570
1527843305,73,6310570
1527843305,73,6310570
1527843305,73,6310570
1527843305,73,6310570
1527843305,73,6310570
1527930013,73,6310570
1527930013,73,6310570
1527930013,73,6310570
1527930013,73,6310570
1527930013,73,6310570
1527930013,73,6310570
1527930013,73,6310570
1527930013,73,6310570
1527930013,73,6310570
1527930013,73,6310570
1527930013,73,6310570
1527930013,73,6310570
1527930013,73,6310570
1527930013,73,6310570
1527930013,73,6310570
1527930013,73,6310570
1527930013,73,6310570
1527930013,73,6310570
1527930013,73,6310570
1527930013,73,6310570
1527930013,73,6310570
1527930013,73,6310570
1527930013,73,6310570
1527930013,73,6310570
1527930013,73,6310570
1527930013,73,6310570
1527930013,73,6310570
1527930013,73,6310570
1527930013,73,6310570
1527930013,73,6310570
1527930013,73,6310570
1527930013,73,6310570
1527930013,73,6310570
1527930013,73,6310570
1527930013,73,6310570
1527930013,73,6310570
1527930013,73,6310570
1527930013,73,6310570
1527930013,73,6310570
1527930013,73,6310570
1527930013,73,6310570
1527930013,73,6310570
1527930013,73,6310570
1527930013,73,6310570
1527930013,73,6310570
1527930013,73,6310570
1527930013,73,6310570
1527930013,73,6310570
1527930013,73,6310570
1527930013,73,6310570
1527930013,73,6310570
1527930013,73,6310570
1527930013,73,6310570
1527930013,73,6310570
1528277466,73,6310570
1528277466,73,6310570
1528277466,73,6310570
1528277466,73,6310570
1528277466,73,6310570
